id;first_name;last_name;post_title;created_on;last_updated;email;password
1;Connie;Walker;input;2020-10-08T14:55:56;2020-10-08T15:59:13;Greyson84@hotmail.com;parsing
2;Johanna;Klein;microchip black;2020-10-08T05:55:36;2020-10-09T01:23:25;Ilene.Wunsch79@hotmail.com;invoice Salad
3;Flavio;Wolff;superstructure;2020-10-08T07:16:53;2020-10-08T22:30:59;Enos37@yahoo.com;Vision-oriented Credit Card Account Home Loan Account
4;Christine;Hyatt;applications;2020-10-08T14:21:39;2020-10-08T09:00:51;Liliana.Dare@yahoo.com;Applications technologies
5;Mathias;Erdman;Rustic;2020-10-08T10:12:48;2020-10-09T01:47:30;Sydnie_Torp@gmail.com;Wooden Spurs Moldova
6;Micheal;Leuschke;Bedfordshire Interactions;2020-10-08T20:11:31;2020-10-08T07:58:55;Jean.Considine87@hotmail.com;black
7;Gustave;Mills;1080p;2020-10-09T02:23:59;2020-10-08T09:44:59;Jovani29@gmail.com;architectures backing up Credit Card Account
8;Rylan;Wuckert;SSL mission-critical;2020-10-09T02:58:58;2020-10-08T20:14:01;Darlene87@gmail.com;maroon
9;Karlie;Botsford;Brand alliance;2020-10-09T04:24:20;2020-10-08T07:29:36;Antonina.Predovic@gmail.com;intranet
10;Wilber;Schiller;online navigate Car;2020-10-08T08:07:33;2020-10-08T11:42:58;Russel33@yahoo.com;world-class
